{
  "submission_avg_proxy": 1.4734,
  "submission_total_runtime_s": 3360.0,
  "replace_avg_proxy": 1.4578411764705883,
  "sa_avg_proxy": 2.125088235294118,
  "submission_improvement_vs_sa_pct": 30.666408315225667,
  "submission_delta_vs_replace_pct": 1.0672509310705172
}
